{
    "map": {
        "components": {
            "geoSearch": {
                "enabled": true,
                "showGraphic": true,
                "showInfo": true
            },
            "mouseInfo": {
                "enabled": false,
                "spatialReference": {
                    "wkid": 4326,
                    "vcsWkid": null,
                    "latestWkid": null,
                    "latestVcsWkid": null,
                    "wkt": ""
                }
            },
            "northArrow": {
                "enabled": false,
                "arrowIcon": "",
                "poleIcon": ""
            },
            "basemap": {
                "enabled": true
            },
            "overviewMap": {
                "enabled": false,
                "expandFactor": 4,
                "initiallyExpanded": true
            },
            "scaleBar": {
                "enabled": false
            },
            "areaOfInterest": []
        },
        "initialBasemapId": "ae2713e8",
        "extentSets": [{
            "id": "EXT_NRCAN_Lambert_3978",
            "default": {
                "xmin": -4844430.556896179,
                "ymin": -1052774.037634491,
                "xmax": 5666163.380958509,
                "ymax": 4170111.408136484
            },
            "full": {
                "xmax": 5666163.380958509,
                "xmin": -4844430.556896179,
                "ymax": 4170111.408136484,
                "ymin": -1052774.037634491
            },
            "maximum": {
                "xmax": 5666163.380958509,
                "xmin": -4844430.556896179,
                "ymax": 4170111.408136484,
                "ymin": -1052774.037634491
            },
            "spatialReference": {
                "wkid": 3978
            }
        },  {
            "default": {
                "xmax": -5688293,
                "xmin": -16763712,
                "ymax": 10649806,
                "ymin": 5165908
            },
            "full": {
                "xmax": -5688293,
                "xmin": -16763712,
                "ymax": 10649806,
                "ymin": 5165908
            },
            "id": "EXT_ESRI_World_AuxMerc_3857",
            "maximum": {
                "xmax": -5688293,
                "xmin": -16763712,
                "ymax": 10649806,
                "ymin": 5165908
            },
            "spatialReference": {
                "latestWkid": 3857,
                "wkid": 102100
            }
        }],
        "lodSets": [{
            "id": "LOD_NRCAN_Lambert_3978",
            "lods": [{
                "level": 3,
                "resolution": 7937.5158750317505,
                "scale": 30000000
            }, {
                "level": 4,
                "resolution": 4630.2175937685215,
                "scale": 17500000
            }, {
                "level": 5,
                "resolution": 2645.8386250105837,
                "scale": 10000000
            }, {
                "level": 6,
                "resolution": 1587.5031750063501,
                "scale": 6000000
            }, {
                "level": 7,
                "resolution": 926.0435187537042,
                "scale": 3500000
            }, {
                "level": 8,
                "resolution": 529.1677250021168,
                "scale": 2000000
            }, {
                "level": 9,
                "resolution": 317.50063500127004,
                "scale": 1200000
            }, {
                "level": 10,
                "resolution": 185.20870375074085,
                "scale": 700000
            }, {
                "level": 11,
                "resolution": 111.12522225044451,
                "scale": 420000
            }, {
                "level": 12,
                "resolution": 66.1459656252646,
                "scale": 250000
            }, {
                "level": 13,
                "resolution": 38.36466006265346,
                "scale": 145000
            }, {
                "level": 14,
                "resolution": 22.48962831258996,
                "scale": 85000
            }, {
                "level": 15,
                "resolution": 13.229193125052918,
                "scale": 50000
            }, {
                "level": 16,
                "resolution": 7.9375158750317505,
                "scale": 30000
            }, {
                "level": 17,
                "resolution": 4.6302175937685215,
                "scale": 17500
            }]
        }, {
            "id": "LOD_ESRI_World_AuxMerc_3857",
            "lods": [
                {
                    "level": 0,
                    "resolution": 19567.87924099992,
                    "scale": 73957190.948944
                },
                {
                    "level": 1,
                    "resolution": 9783.93962049996,
                    "scale": 36978595.474472
                },
                {
                    "level": 2,
                    "resolution": 4891.96981024998,
                    "scale": 18489297.737236
                },
                {
                    "level": 3,
                    "resolution": 2445.98490512499,
                    "scale": 9244648.868618
                },
                {
                    "level": 4,
                    "resolution": 1222.992452562495,
                    "scale": 4622324.434309
                },
                {
                    "level": 5,
                    "resolution": 611.4962262813797,
                    "scale": 2311162.217155
                },
                {
                    "level": 6,
                    "resolution": 305.7481131405576,
                    "scale": 1155581.108577
                },
                {
                    "level": 7,
                    "resolution": 152.8740565704111,
                    "scale": 577790.554289
                },
                {
                    "level": 8,
                    "resolution": 76.43702828507324,
                    "scale": 288895.277144
                },
                {
                    "level": 9,
                    "resolution": 38.21851414253662,
                    "scale": 144447.638572
                },
                {
                    "level": 10,
                    "resolution": 19.10925707126831,
                    "scale": 72223.819286
                },
                {
                    "level": 11,
                    "resolution": 9.554628535634155,
                    "scale": 36111.909643
                },
                {
                    "level": 12,
                    "resolution": 4.77731426794937,
                    "scale": 18055.954822
                },
                {
                    "level": 13,
                    "resolution": 2.388657133974685,
                    "scale": 9027.977411
                },
                {
                    "level": 14,
                    "resolution": 1.19432856685505,
                    "scale": 4513.988705
                },
                {
                    "level": 15,
                    "resolution": 0.5971642835598172,
                    "scale": 2256.994353
                },
                {
                    "level": 16,
                    "resolution": 0.2985821416476167,
                    "scale": 1128.497176
                },
                {
                    "level": 17,
                    "resolution": 0.1492910708238083,
                    "scale": 564.248588
                },
                {
                    "level": 18,
                    "resolution": 0.07464553541190416,
                    "scale": 282.124294
                },
                {
                    "level": 19,
                    "resolution": 0.03732276770595208,
                    "scale": 141.062147
                },
                {
                    "level": 20,